{
    "epoch": 10.0,
    "eval_accuracy": 0.8856088560885609,
    "eval_f1": 0.8840254178243486,
    "eval_loss": 0.39921340346336365,
    "eval_model_preparation_time": 0.002,
    "eval_runtime": 23.5004,
    "eval_samples_per_second": 23.063,
    "eval_steps_per_second": 2.894,
    "total_flos": 1.677761721990144e+18,
    "train_loss": 0.5691786050796509,
    "train_runtime": 4168.8959,
    "train_samples_per_second": 25.966,
    "train_steps_per_second": 1.631
}