{
    "epoch": 10.0,
    "total_flos": 1.6770446528403456e+18,
    "train_loss": 0.4530462321113138,
    "train_runtime": 2153.2015,
    "train_samples_per_second": 50.274,
    "train_steps_per_second": 3.158
}