{
    "epoch": 15.0,
    "total_flos": 2.516642582985216e+18,
    "train_loss": 0.2408889573578741,
    "train_runtime": 4324.0757,
    "train_samples_per_second": 25.034,
    "train_steps_per_second": 1.573
}