{
    "epoch": 5.0,
    "total_flos": 1.4434977877912166e+18,
    "train_loss": 0.19284417803195414,
    "train_runtime": 1198.7147,
    "train_samples_per_second": 15.546,
    "train_steps_per_second": 0.972
}